rank,id,company,decision_maker,industry,lane,chef_to_chef,website,PHONE_fill_in,matched_offer,called,outcome,followup_date
1,a067,"Center for Aesthetic Medicine","Heather Rohrer",medspa,A,no,"centerforaestheticmedicine.com",,"Pilot $1,500 - treatment-room + provider portraits + 10 social assets",,,
2,a073,"Slater's 50/50 Las Vegas","Andy Kao, Cindy Sun",restaurant-group,A,YES,"slaters5050lasvegas.com",,"Pilot $1,500 - 10 dishes at one location, then roll out",,,
3,p048,"Saucy","Chef Amy",packaged-food,A,YES,"saucythesauce.com",,"Pilot $1,500 - 10 product shots for retail and e-commerce",,,
4,p030,"Skinfuzion","Kim Hutchinson, owner",medspa,A,no,"",,"Pilot $1,500 - treatment-room + provider portraits + 10 social assets",,,
5,p035,"Advanced Aesthetics","Dr. Tracy Hankins, Dr. Samuel Sohn",medspa,B,no,"advancedaestheticslv.com",,"Pilot $1,500 - treatment-room + provider portraits + 10 social assets",,,
6,a114,"Alex Prime at El Cortez","David Robins, Joe Swan",restaurant,A,YES,"",,"Pilot $1,500 - 10 plated dishes, 3 formats, 7 business days",,,
7,a120,"Cantina Contramar","Gabriela Camara",restaurant,A,YES,"",,"Pilot $1,500 - 10 plated dishes, 3 formats, 7 business days",,,
8,a121,"Maroon by Kwame Onwuachi","Kwame Onwuachi",restaurant,A,YES,"",,"Pilot $1,500 - 10 plated dishes, 3 formats, 7 business days",,,
9,a122,"Sartiano's Italian Steakhouse","Scott Sartiano",restaurant,A,YES,"",,"Pilot $1,500 - 10 plated dishes, 3 formats, 7 business days",,,
10,p001,"Esther's Kitchen","James Trees, chef-owner",restaurant,A,YES,"",,"Pilot $1,500 - 10 plated dishes, 3 formats, 7 business days",,,
11,p002,"Al Solito Posto","James Trees, chef-owner",restaurant,A,YES,"",,"Pilot $1,500 - 10 plated dishes, 3 formats, 7 business days",,,
12,p003,"Milpa Mexican Cafe","DJ Flores, chef",restaurant,A,YES,"",,"Pilot $1,500 - 10 plated dishes, 3 formats, 7 business days",,,
13,p004,"Johnny C's Diner","Johnny Church, chef-owner",restaurant,A,YES,"",,"Pilot $1,500 - 10 plated dishes, 3 formats, 7 business days",,,
14,p005,"Anima by EDO","Oscar Amador, chef",restaurant,A,YES,"",,"Pilot $1,500 - 10 plated dishes, 3 formats, 7 business days",,,
15,p043,"Desert Moon Farms","EvaSara Luna and Enrique Gonzalez, founders",packaged-food,A,YES,"",,"Pilot $1,500 - 10 product shots for retail and e-commerce",,,
16,p044,"Michael's Gourmet Pantry","Michael Stamm, chef and owner",packaged-food,A,YES,"",,"Pilot $1,500 - 10 product shots for retail and e-commerce",,,
17,p046,"Heat Junkie Foods","Steven Torti, owner",packaged-food,A,YES,"",,"Pilot $1,500 - 10 product shots for retail and e-commerce",,,
18,p047,"Distilled Spices","Alicia Shevetone, chef and founder",packaged-food,A,YES,"",,"Pilot $1,500 - 10 product shots for retail and e-commerce",,,
19,p049,"Drip Sauce Co.","Husband-and-wife founders",packaged-food,A,YES,"",,"Pilot $1,500 - 10 product shots for retail and e-commerce",,,
20,p031,"DermaBella Medical Spa","Dr. Andrea Dempsey, founder",beauty,A,no,"",,"Pilot $1,500 - service photography + provider portraits + social assets",,,
21,a102,"Huntington & Ellis","Craig Tann",real-estate,A,no,"huntingtonandellis.com",,"Pilot $1,500 - listing photography + agent brand content",,,
22,a103,"IS LUXURY","Ivan Sher",real-estate,A,no,"isluxury.com",,"Pilot $1,500 - listing photography + agent brand content",,,
23,a105,"Nevada Real Estate Group (LPT Realty)","Chris Nevada",real-estate,A,no,"nevadarealestategroup.com",,"Pilot $1,500 - listing photography + agent brand content",,,
24,a090,"The Cooling Company","Wellington Santana, Joanna Santana",home-services,A,no,"thecoolingco.com",,"Pilot $1,500 - before/after project photography + service video",,,
25,a058,"Vegas Dental Experts","Dr. Harvey Chin",dental,B,no,"vegasdentalexpertsnevada.com",,"Pilot $1,500 - practice photography + provider portraits + patient-facing video",,,
26,a059,"Infinity Dental","Dr. Douglas Sanchez",dental,B,no,"infinitydentallv.com",,"Pilot $1,500 - practice photography + provider portraits + patient-facing video",,,
27,a107,"Circa / The D / Golden Gate","Derek Stevens, Greg Stevens",hospitality-hotel,B,no,"",,"Pilot $1,500 - one outlet, then roll out",,,
28,a108,"TLC Casino Enterprises","Terry Caudill",hospitality-hotel,B,no,"",,"Pilot $1,500 - one outlet, then roll out",,,
