cohort,id,company,industry,decision_maker_unverified,website_unverified,PHONE,EMAIL,SOCIAL,SOURCE_URL,record_command
A,a073,"Slater's 50/50 Las Vegas",restaurant-group,"Andy Kao, Cindy Sun","slaters5050lasvegas.com",,,,,"node tools/enrich.mjs set a073 phone ""<number>"" --status=VERIFIED --source=""<url>"""
A,p048,"Saucy",packaged-food,"Chef Amy","saucythesauce.com",,,,,"node tools/enrich.mjs set p048 phone ""<number>"" --status=VERIFIED --source=""<url>"""
A,a114,"Alex Prime at El Cortez",restaurant,"David Robins, Joe Swan","",,,,,"node tools/enrich.mjs set a114 phone ""<number>"" --status=VERIFIED --source=""<url>"""
A,a120,"Cantina Contramar",restaurant,"Gabriela Camara","",,,,,"node tools/enrich.mjs set a120 phone ""<number>"" --status=VERIFIED --source=""<url>"""
A,a121,"Maroon by Kwame Onwuachi",restaurant,"Kwame Onwuachi","",,,,,"node tools/enrich.mjs set a121 phone ""<number>"" --status=VERIFIED --source=""<url>"""
A,a122,"Sartiano's Italian Steakhouse",restaurant,"Scott Sartiano","",,,,,"node tools/enrich.mjs set a122 phone ""<number>"" --status=VERIFIED --source=""<url>"""
A,p001,"Esther's Kitchen",restaurant,"James Trees, chef-owner","",,,,,"node tools/enrich.mjs set p001 phone ""<number>"" --status=VERIFIED --source=""<url>"""
A,p002,"Al Solito Posto",restaurant,"James Trees, chef-owner","",,,,,"node tools/enrich.mjs set p002 phone ""<number>"" --status=VERIFIED --source=""<url>"""
A,p003,"Milpa Mexican Cafe",restaurant,"DJ Flores, chef","",,,,,"node tools/enrich.mjs set p003 phone ""<number>"" --status=VERIFIED --source=""<url>"""
A,p004,"Johnny C's Diner",restaurant,"Johnny Church, chef-owner","",,,,,"node tools/enrich.mjs set p004 phone ""<number>"" --status=VERIFIED --source=""<url>"""
B,a067,"Center for Aesthetic Medicine",medspa,"Heather Rohrer","centerforaestheticmedicine.com",,,,,"node tools/enrich.mjs set a067 phone ""<number>"" --status=VERIFIED --source=""<url>"""
B,p030,"Skinfuzion",medspa,"Kim Hutchinson, owner","",,,,,"node tools/enrich.mjs set p030 phone ""<number>"" --status=VERIFIED --source=""<url>"""
B,p035,"Advanced Aesthetics",medspa,"Dr. Tracy Hankins, Dr. Samuel Sohn","advancedaestheticslv.com",,,,,"node tools/enrich.mjs set p035 phone ""<number>"" --status=VERIFIED --source=""<url>"""
B,a069,"Chic la Vie Medical Spa",medspa,"","chiclavie.com",,,,,"node tools/enrich.mjs set a069 phone ""<number>"" --status=VERIFIED --source=""<url>"""
B,a070,"LuxeFactor Aesthetics",medspa,"","luxefactorlv.com",,,,,"node tools/enrich.mjs set a070 phone ""<number>"" --status=VERIFIED --source=""<url>"""
B,p031,"DermaBella Medical Spa",beauty,"Dr. Andrea Dempsey, founder","",,,,,"node tools/enrich.mjs set p031 phone ""<number>"" --status=VERIFIED --source=""<url>"""
B,a058,"Vegas Dental Experts",dental,"Dr. Harvey Chin","vegasdentalexpertsnevada.com",,,,,"node tools/enrich.mjs set a058 phone ""<number>"" --status=VERIFIED --source=""<url>"""
B,a059,"Infinity Dental",dental,"Dr. Douglas Sanchez","infinitydentallv.com",,,,,"node tools/enrich.mjs set a059 phone ""<number>"" --status=VERIFIED --source=""<url>"""
B,a119,"Ah Spa by Ageless Humans - Westin Lake Las Vegas",medspa,"","",,,,,"node tools/enrich.mjs set a119 phone ""<number>"" --status=VERIFIED --source=""<url>"""
B,p032,"Estetica Wellness Medical Spa",beauty,"","",,,,,"node tools/enrich.mjs set p032 phone ""<number>"" --status=VERIFIED --source=""<url>"""
