prospect_id,company,cohort,category,city,state,existing_website,existing_decision_maker,current_fit,current_layers,ownership_status,ownership_source_url,verified_phone,phone_status,phone_source_url,verified_email,email_status,email_source_url,official_contact_form,form_status,form_source_url,official_social,social_status,social_source_url,source_date,verification_notes,enrichment_status,contactability
a069,Chic la Vie Medical Spa,B_VISUAL_PRO_SERVICES,West Sahara Avenue location.,Las Vegas,NV,chiclavie.com (UNVERIFIED),MISSING,9,0,UNVERIFIED,MISSING,MISSING,BLOCKED,MISSING,MISSING,BLOCKED,MISSING,MISSING,MISSING,MISSING,MISSING,BLOCKED,MISSING,MISSING,MISSING,NOT_STARTED,NOT_CONTACTABLE
a058,Vegas Dental Experts,B_VISUAL_PRO_SERVICES,Two convenient locations in Las Vegas and Henderson. Principal named.,Las Vegas,NV,vegasdentalexpertsnevada.com (UNVERIFIED),Dr. Harvey Chin (UNVERIFIED),8,1,UNVERIFIED,MISSING,MISSING,BLOCKED,MISSING,MISSING,BLOCKED,MISSING,MISSING,MISSING,MISSING,MISSING,BLOCKED,MISSING,MISSING,MISSING,NOT_STARTED,NOT_CONTACTABLE
a059,Infinity Dental,B_VISUAL_PRO_SERVICES,"Two addresses published - W. Tropicana and E. Horizon, Henderson.",Las Vegas,NV,infinitydentallv.com (UNVERIFIED),Dr. Douglas Sanchez (UNVERIFIED),8,1,UNVERIFIED,MISSING,MISSING,BLOCKED,MISSING,MISSING,BLOCKED,MISSING,MISSING,MISSING,MISSING,MISSING,BLOCKED,MISSING,MISSING,MISSING,NOT_STARTED,NOT_CONTACTABLE
a068,Beverly Hills Rejuvenation Center - Summerlin,B_VISUAL_PRO_SERVICES,Summerlin location on Festival Plaza Drive.,Las Vegas,NV,bhrcenter.com (UNVERIFIED),MISSING,7,0,UNVERIFIED,MISSING,MISSING,BLOCKED,MISSING,MISSING,BLOCKED,MISSING,MISSING,MISSING,MISSING,MISSING,BLOCKED,MISSING,MISSING,Franchise; the buyer is the local owner.,NOT_STARTED,NOT_CONTACTABLE
a072,Medspa-LV,B_VISUAL_PRO_SERVICES,Las Vegas and Summerlin named in the listing title.,Las Vegas,NV,medspa-lv.com (UNVERIFIED),MISSING,7,0,UNVERIFIED,MISSING,MISSING,BLOCKED,MISSING,MISSING,BLOCKED,MISSING,MISSING,MISSING,MISSING,MISSING,BLOCKED,MISSING,MISSING,MISSING,NOT_STARTED,NOT_CONTACTABLE
a110,The Gents Place - Summerlin,B_VISUAL_PRO_SERVICES,Las Vegas / Summerlin upscale men's grooming location.,Las Vegas,NV,thegentsplace.com (UNVERIFIED),MISSING,7,0,UNVERIFIED,MISSING,MISSING,BLOCKED,MISSING,MISSING,BLOCKED,MISSING,MISSING,MISSING,MISSING,MISSING,BLOCKED,MISSING,MISSING,Franchise; the buyer is the local owner.,NOT_STARTED,NOT_CONTACTABLE
a111,FINO for MEN,B_VISUAL_PRO_SERVICES,S Rainbow Blvd barbershop.,Las Vegas,NV,finoformen.com (UNVERIFIED),MISSING,7,0,UNVERIFIED,MISSING,MISSING,BLOCKED,MISSING,MISSING,BLOCKED,MISSING,MISSING,MISSING,MISSING,MISSING,BLOCKED,MISSING,MISSING,MISSING,NOT_STARTED,NOT_CONTACTABLE
a071,The Aesthetics Lab,B_VISUAL_PRO_SERVICES,Named in results. No count published.,Las Vegas,NV,theaestheticslabmedspa.com (UNVERIFIED),MISSING,7,0,UNVERIFIED,MISSING,MISSING,BLOCKED,MISSING,MISSING,BLOCKED,MISSING,MISSING,MISSING,MISSING,MISSING,BLOCKED,MISSING,MISSING,MISSING,NOT_STARTED,NOT_CONTACTABLE
a055,Smith Therapy Partners,B_VISUAL_PRO_SERVICES,Locations throughout Las Vegas and Henderson - no count published.,Las Vegas,NV,smiththerapypartners.com (UNVERIFIED),MISSING,7,0,UNVERIFIED,MISSING,MISSING,BLOCKED,MISSING,MISSING,BLOCKED,MISSING,MISSING,MISSING,MISSING,MISSING,BLOCKED,MISSING,MISSING,MISSING,NOT_STARTED,NOT_CONTACTABLE
a095,The Neck and Back Clinics,B_VISUAL_PRO_SERVICES,Clinics in Nevada and Arizona; no count published.,Las Vegas,NV,theneckandbackclinics.com (UNVERIFIED),MISSING,7,0,UNVERIFIED,MISSING,MISSING,BLOCKED,MISSING,MISSING,BLOCKED,MISSING,MISSING,MISSING,MISSING,MISSING,BLOCKED,MISSING,MISSING,MISSING,NOT_STARTED,NOT_CONTACTABLE
p048,Saucy,A_FOOD_CHEF,Chef-founded hot sauce.,Las Vegas,NV,saucythesauce.com (UNVERIFIED),Chef Amy (UNVERIFIED),12,0,UNVERIFIED,MISSING,MISSING,BLOCKED,MISSING,MISSING,BLOCKED,MISSING,MISSING,MISSING,MISSING,MISSING,BLOCKED,MISSING,MISSING,MISSING,NOT_STARTED,NOT_CONTACTABLE
p030,Skinfuzion,B_VISUAL_PRO_SERVICES,"Owner Kim Hutchinson, licensed advanced and laser technician. ~20 years in Las Vegas.",Las Vegas,NV,MISSING,"Kim Hutchinson, owner (UNVERIFIED)",11,0,UNVERIFIED,MISSING,MISSING,BLOCKED,MISSING,MISSING,BLOCKED,MISSING,MISSING,MISSING,MISSING,MISSING,BLOCKED,MISSING,MISSING,MISSING,NOT_STARTED,NOT_CONTACTABLE
p031,DermaBella Medical Spa,B_VISUAL_PRO_SERVICES,Founded 2011 by Dr. Andrea Dempsey. Membership tiers.,Las Vegas,NV,MISSING,"Dr. Andrea Dempsey, founder (UNVERIFIED)",9,0,UNVERIFIED,MISSING,MISSING,BLOCKED,MISSING,MISSING,BLOCKED,MISSING,MISSING,MISSING,MISSING,MISSING,BLOCKED,MISSING,MISSING,MISSING,NOT_STARTED,NOT_CONTACTABLE
a114,Alex Prime at El Cortez,A_FOOD_CHEF,El Cortez announced an early-fall opening for a luxury New York-style steakhouse. Both chefs named.,Las Vegas,NV,MISSING,"David Robins, Joe Swan (UNVERIFIED)",10,0,UNVERIFIED,MISSING,MISSING,BLOCKED,MISSING,MISSING,BLOCKED,MISSING,MISSING,MISSING,MISSING,MISSING,BLOCKED,MISSING,MISSING,"A locally owned downtown property rather than a Strip resort, which usually means the decision sits closer.",NOT_STARTED,NOT_CONTACTABLE
p001,Esther's Kitchen,A_FOOD_CHEF,"Chef-owner James Trees. Downtown Arts District. Sourdough, handmade pasta.",Las Vegas,NV,MISSING,"James Trees, chef-owner (UNVERIFIED)",10,0,UNVERIFIED,MISSING,MISSING,BLOCKED,MISSING,MISSING,BLOCKED,MISSING,MISSING,MISSING,MISSING,MISSING,BLOCKED,MISSING,MISSING,MISSING,NOT_STARTED,NOT_CONTACTABLE
p003,Milpa Mexican Cafe,A_FOOD_CHEF,Chef DJ Flores. Nixtamalizes and grinds his own masa in house.,Las Vegas,NV,MISSING,"DJ Flores, chef (UNVERIFIED)",10,0,UNVERIFIED,MISSING,MISSING,BLOCKED,MISSING,MISSING,BLOCKED,MISSING,MISSING,MISSING,MISSING,MISSING,BLOCKED,MISSING,MISSING,MISSING,NOT_STARTED,NOT_CONTACTABLE
p004,Johnny C's Diner,A_FOOD_CHEF,"Owned by Chef Johnny Church, Chopped winner. Breakfast and lunch.",Las Vegas,NV,MISSING,"Johnny Church, chef-owner (UNVERIFIED)",10,0,UNVERIFIED,MISSING,MISSING,BLOCKED,MISSING,MISSING,BLOCKED,MISSING,MISSING,MISSING,MISSING,MISSING,BLOCKED,MISSING,MISSING,MISSING,NOT_STARTED,NOT_CONTACTABLE
p005,Anima by EDO,A_FOOD_CHEF,"EDO Hospitality Group, Chef Oscar Amador. Spring Valley. Mediterranean/Italian tapas.",Las Vegas,NV,MISSING,"Oscar Amador, chef (UNVERIFIED)",10,0,UNVERIFIED,MISSING,MISSING,BLOCKED,MISSING,MISSING,BLOCKED,MISSING,MISSING,MISSING,MISSING,MISSING,BLOCKED,MISSING,MISSING,MISSING,NOT_STARTED,NOT_CONTACTABLE
p043,Desert Moon Farms,A_FOOD_CHEF,"Specialty mushroom farm, Las Vegas, founded 2020 by EvaSara Luna and Enrique Gonzalez.",Las Vegas,NV,MISSING,"EvaSara Luna and Enrique Gonzalez, founders (UNVERIFIED)",10,0,UNVERIFIED,MISSING,MISSING,BLOCKED,MISSING,MISSING,BLOCKED,MISSING,MISSING,MISSING,MISSING,MISSING,BLOCKED,MISSING,MISSING,MISSING,NOT_STARTED,NOT_CONTACTABLE
p044,Michael's Gourmet Pantry,A_FOOD_CHEF,"Specialty food, Las Vegas. Chef and owner Michael Stamm since 1999.",Las Vegas,NV,MISSING,"Michael Stamm, chef and owner (UNVERIFIED)",10,0,UNVERIFIED,MISSING,MISSING,BLOCKED,MISSING,MISSING,BLOCKED,MISSING,MISSING,MISSING,MISSING,MISSING,BLOCKED,MISSING,MISSING,MISSING,NOT_STARTED,NOT_CONTACTABLE
